Customer ID,Purchase Date,Product Name,Product Category,Quantity,Total Price
1046,2023-02-26,across,certain,17,134.96
1083,2023-10-10,attention,worry,13,178.36
1051,2023-04-04,raise,politics,13,176.99
1032,2023-04-16,scientist,push,6,187.37
1013,2023-02-26,free,word,7,103.51
1006,2023-07-19,bank,think,6,85.36
1056,2023-08-10,treatment,well,16,156.93
1016,2022-12-23,beyond,institution,7,44.61
1023,2023-09-05,trial,when,8,194.11
1003,2023-07-22,important,dinner,7,96.89
1047,2023-04-12,technology,should,10,179.25
1071,2023-06-25,loss,president,3,10.6
1083,2022-12-04,join,road,16,154.91
1044,2023-02-18,from,perhaps,16,144.43
1085,2023-04-07,read,better,16,42.48
1007,2022-12-25,charge,thousand,6,89.22
1023,2023-09-10,certain,star,3,59.45
1092,2023-02-02,child,another,10,91.37
1091,2023-03-28,affect,why,6,104.4
1052,2023-04-07,simply,reason,18,116.55
1079,2023-11-23,than,bad,9,145.5
1067,2023-07-04,lead,human,6,168.09
1020,2023-03-02,international,let,9,142.44
1004,2023-03-21,behind,enter,7,31.09
1046,2023-01-14,necessary,personal,5,66.77
1081,2023-04-11,teacher,father,20,141.5
1071,2023-07-08,human,night,18,13.72
1049,2023-06-14,no,interesting,9,108.99
1008,2023-09-10,activity,lot,12,120.33
1049,2023-06-11,community,series,6,104.12
1061,2023-04-10,stock,trial,11,78.9
1013,2023-01-28,democratic,as,10,131.32
1079,2023-06-25,choose,weight,2,50.92
1064,2023-09-13,time,if,14,89.03
1085,2023-09-24,cost,feeling,11,140.2
1039,2023-03-29,mind,take,12,186.68
1099,2023-07-12,receive,while,10,95.26
1089,2023-11-17,late,wife,11,148.27
1013,2023-04-13,try,newspaper,19,61.45
1033,2023-04-13,media,event,8,155.65
1028,2022-12-07,talk,example,16,23.34
1020,2023-09-30,language,whether,18,111.28
1004,2023-11-29,total,television,15,171.12
1054,2022-12-27,job,important,3,76.82
1026,2023-04-14,there,late,10,12.4
1044,2023-11-08,help,none,6,172.73
1077,2023-11-10,per,floor,17,52.49
1025,2023-03-09,wear,themselves,19,139.13
1094,2023-05-07,many,record,18,136.58
1070,2023-11-07,two,specific,7,139.45
1089,2022-12-05,beautiful,realize,19,71.07
1015,2023-08-13,eye,call,20,15.65
1006,2023-10-10,impact,good,14,91.28
1046,2023-10-07,player,hotel,16,96.14
1042,2023-07-13,affect,computer,7,69.32
1073,2022-12-15,half,value,19,99.35
1082,2023-01-16,imagine,seat,19,145.35
1070,2023-03-05,state,free,2,66.67
1063,2023-09-04,see,might,20,42.01
1069,2023-01-24,before,ball,10,131.61
1038,2023-09-24,allow,rise,12,162.65
1017,2023-07-09,example,support,9,30.82
1062,2023-01-04,fear,job,18,130.07
1058,2023-05-05,down,away,9,86.79
1073,2023-07-18,usually,level,5,71.62
1071,2023-10-29,method,who,3,98.84
1043,2023-06-19,by,buy,6,155.16
1074,2023-08-18,organization,between,15,130.24
1040,2023-02-26,call,whom,11,32.48
1076,2023-07-24,around,page,16,142.81
1076,2023-04-08,station,scientist,18,179.32
1025,2023-02-01,somebody,collection,19,72.78
1092,2023-04-17,protect,forget,17,173.6
1052,2023-09-06,movie,total,11,108.22
1082,2023-07-08,be,nice,13,128.62
1086,2023-07-01,degree,nearly,11,184.19
1100,2023-11-17,entire,woman,11,185.2
1015,2023-01-30,door,safe,15,112.36
1064,2023-05-10,off,stage,6,37.18
1042,2022-12-11,he,write,8,84.77
1036,2023-11-23,reality,beautiful,15,59.82
1021,2023-09-18,family,stay,16,134.72
1064,2023-11-14,process,church,15,92.04
1100,2023-06-26,nature,set,1,119.38
1085,2022-12-13,base,film,7,60.88
1040,2023-11-12,color,include,14,108.77
1025,2023-01-05,class,thought,5,38.41
1006,2023-08-24,method,speech,1,129.21
1094,2023-04-22,size,anything,18,188.9
1051,2023-08-18,increase,drive,9,11.69
1089,2022-11-29,whether,north,2,96.14
1023,2023-01-20,include,per,16,81.3
1074,2023-08-19,cultural,call,17,52.49
1047,2023-04-18,three,among,5,174.02
1059,2022-12-05,television,main,7,73.3
1048,2023-11-22,hot,story,18,112.57
1095,2023-02-27,rock,same,2,146.13
1041,2023-09-05,style,stuff,3,164.24
1061,2023-10-19,it,television,11,136.24
1069,2023-10-16,name,ask,2,166.63
1076,2023-08-05,campaign,may,18,29.06
1080,2023-05-17,paper,explain,1,184.79
1100,2023-08-01,process,area,11,129.43
1007,2023-08-17,bill,issue,9,114.57
1027,2023-04-01,language,enough,20,39.68
1004,2023-07-22,research,model,2,33.27
1040,2023-07-11,score,image,14,185.51
1087,2023-02-08,artist,economic,8,48.8
1049,2023-07-05,source,opportunity,18,10.98
1099,2023-04-02,him,feel,2,33.08
1001,2023-04-04,nothing,together,11,90.52
1046,2023-10-26,several,participant,6,156.86
1058,2022-12-14,education,own,11,91.83
1009,2023-11-12,next,floor,9,185.62
1054,2023-07-16,sister,wait,15,149.92
1086,2023-08-04,type,consider,15,183.73
1012,2023-10-04,name,cause,15,169.97
1065,2023-05-21,full,rock,8,90.57
1066,2023-03-06,technology,value,14,74.01
1035,2023-01-13,agreement,exist,15,104.05
1037,2023-07-28,huge,win,10,105.11
1085,2023-09-28,billion,huge,10,133.46
1098,2023-04-10,join,rock,13,68.03
1090,2023-01-16,finally,computer,8,17.99
1097,2023-10-21,quite,participant,14,44.34
1051,2023-10-04,heart,water,6,14.11
1072,2023-11-23,provide,region,8,147.69
1040,2023-07-28,within,baby,4,160.92
1087,2023-07-23,response,want,18,73.31
1067,2023-03-08,too,include,7,69.84
1051,2023-11-08,pick,a,1,96.06
1037,2023-07-24,traditional,out,8,159.61
1011,2023-02-18,major,program,3,106.79
1088,2023-07-17,word,argue,8,192.36
1022,2023-04-06,another,capital,5,179.7
1086,2023-03-09,science,figure,13,165.76
1077,2023-01-22,bag,me,19,126.3
1046,2023-11-22,wind,expect,9,153.66
1067,2023-08-13,nothing,discover,10,48.85
1004,2022-12-02,increase,view,16,71.67
1091,2023-06-12,hit,dinner,10,86.8
1022,2023-01-04,scene,another,20,40.02
1054,2023-04-21,where,time,12,68.66
1073,2023-07-01,true,phone,13,165.56
1072,2023-08-24,happen,of,9,190.19
1052,2023-07-23,fill,both,18,68.28
1088,2023-08-01,appear,cell,4,78.07
1060,2023-06-04,test,process,1,186.15
1050,2022-12-24,few,two,6,122.93
1077,2023-07-23,tend,surface,18,27.57
1061,2023-04-28,until,evening,17,181.77
1047,2023-11-06,nature,imagine,10,110.5
1018,2023-11-21,option,too,14,64.74
1062,2023-04-20,wait,enter,5,196.38
1057,2023-01-06,Democrat,tree,14,125.26
1053,2023-09-14,network,weight,3,34.34
1005,2023-09-08,within,discussion,16,192.1
1075,2023-05-27,participant,what,10,152.65
1028,2023-05-22,happy,who,4,108.28
1087,2023-11-07,skill,Democrat,1,154.58
1094,2023-11-14,yeah,professor,2,62.98
1084,2023-03-22,car,sing,7,148.66
1041,2023-07-13,letter,either,11,189.28
1079,2023-02-02,value,past,14,38.27
1076,2023-05-29,special,you,16,74.66
1078,2023-10-01,project,run,19,175.26
1064,2023-11-27,visit,over,3,194.07
1055,2023-06-10,experience,western,16,151.86
1059,2023-02-10,third,coach,11,89.36
1082,2023-02-26,type,into,20,164.27
1039,2023-08-02,least,start,16,51.12
1039,2022-12-10,these,use,2,18.44
1098,2023-11-19,you,by,15,169.47
1073,2023-01-16,many,middle,12,139.89
1053,2023-04-04,country,not,1,13.3
1048,2023-10-08,next,like,15,171.2
1027,2023-06-30,whom,information,2,78.67
1088,2023-06-15,ask,whole,20,21.59
1095,2023-01-30,TV,maybe,1,44.72
1067,2023-07-08,bank,lead,9,91.48
1041,2023-01-03,develop,hit,19,178.22
1088,2023-10-25,than,me,12,99.89
1057,2023-01-17,red,drive,16,12.53
1078,2023-05-20,data,lay,7,136.4
1065,2023-07-09,firm,subject,1,198.18
1057,2023-11-19,thought,resource,12,37.56
1085,2023-11-17,fear,audience,18,165.91
1075,2023-06-05,image,allow,3,13.63
1060,2023-07-23,accept,push,18,146.68
1072,2023-08-26,travel,commercial,9,52.82
1093,2023-05-23,save,beyond,9,72.21
1043,2023-11-19,yard,wonder,17,63.11
1084,2023-09-14,into,perhaps,8,33.5
1088,2023-07-14,degree,health,18,192.47
1024,2023-08-26,break,maintain,18,128.92
1094,2023-07-21,let,three,12,192.6
1016,2023-01-24,wait,through,5,85.88
1077,2023-03-25,structure,man,2,34.39
1042,2023-11-15,whole,great,4,157.35
1034,2023-05-25,near,age,1,23.22
1084,2023-01-17,three,gun,9,140.72
1022,2023-10-23,all,likely,7,135.58
1098,2023-02-20,issue,environmental,3,175.05
1067,2023-09-06,early,operation,9,49.69
1064,2023-07-22,friend,measure,1,16.05
1083,2023-06-10,ever,TV,19,132.66
1081,2023-03-01,name,over,15,148.83
1048,2023-05-28,raise,under,20,92.19
1093,2023-11-16,sort,me,3,164.62
1035,2023-09-15,professional,miss,15,86.27
1018,2023-05-22,course,if,4,85.41
1069,2023-02-13,large,people,17,58.89
1013,2023-08-31,ask,level,8,103.89
1025,2023-03-27,cultural,agency,20,141.15
1091,2022-12-14,single,risk,15,123.28
1085,2023-02-12,north,southern,10,182.31
1019,2023-02-17,finally,state,5,77.09
1040,2023-08-20,wait,available,6,194.12
1064,2023-10-31,fast,food,8,131.12
1100,2023-09-25,a,region,2,64.88
1057,2023-06-01,face,century,10,78.39
1048,2023-04-22,who,husband,15,187.86
1022,2023-10-13,good,your,17,95.58
1090,2023-11-07,accept,court,17,105.1
1035,2023-01-15,also,maintain,19,13.94
1004,2023-01-13,which,ok,15,102.64
1095,2023-02-18,home,student,20,75.08
1080,2022-12-23,six,treat,18,70.15
1059,2023-11-10,direction,material,14,174.36
1059,2023-02-20,study,be,7,97.72
1068,2023-03-22,within,might,18,64.72
1056,2023-05-30,ask,effort,16,57.05
1002,2023-01-16,with,on,14,69.14
1053,2023-08-09,always,third,1,91.13
1071,2023-07-15,book,special,14,136.37
1061,2023-01-25,particularly,red,5,186.37
1077,2023-09-17,some,him,19,83.92
1054,2023-09-01,soon,son,13,171.43
1067,2022-12-28,plant,page,2,73.17
1006,2023-07-05,charge,according,3,177.65
1097,2022-12-19,color,a,20,127.4
1046,2023-07-09,ago,a,14,177.27
1056,2023-05-30,alone,almost,11,175.13
1027,2023-01-21,third,hold,5,99.2
1058,2023-11-23,environmental,doctor,16,130.66
1025,2023-11-07,trouble,government,17,114.64
1005,2023-01-03,than,put,7,110.74
1007,2023-05-25,since,best,12,81.88
1056,2023-06-29,effect,bag,5,16.89
1050,2023-04-20,hour,stock,4,60.25
1053,2023-06-04,create,beautiful,1,120.77
1025,2023-08-28,couple,not,15,75.96
1059,2023-02-07,trouble,sort,11,162.82
1097,2023-04-23,fly,suffer,10,82.32
1058,2023-06-14,enjoy,me,11,71.88
1019,2023-05-30,character,accept,4,182.28
1075,2023-01-22,dark,skill,1,92.71
1072,2023-07-12,address,able,1,191.16
1019,2023-06-18,top,little,20,23.09
1097,2023-02-05,wall,represent,5,130.57
1046,2023-01-31,skill,quality,11,136.83
1079,2023-09-23,set,day,4,19.95
1097,2023-09-15,answer,find,15,170.34
1070,2023-03-17,represent,road,3,176.05
1073,2023-01-21,include,house,4,53.05
1086,2023-08-02,not,case,13,85.7
1084,2023-02-01,sort,others,8,166.89
1082,2023-09-21,board,particular,2,85.43
1093,2023-07-04,issue,general,7,132.12
1065,2022-12-27,Congress,imagine,3,69.17
1005,2023-01-04,condition,nature,19,51.88
1024,2023-10-04,debate,according,10,31.64
1018,2023-08-18,positive,very,4,199.03
1042,2023-11-05,until,expert,3,137.03
1031,2023-08-29,thought,early,12,56.15
1070,2022-12-21,particular,effort,11,163.56
1095,2023-11-12,turn,sit,18,190.36
1020,2023-11-22,small,likely,13,69.64
1090,2023-11-05,sea,deep,5,138.95
1088,2023-04-20,million,account,4,130.45
1100,2023-06-23,opportunity,miss,3,70.43
1096,2023-02-18,owner,again,12,143.64
1008,2023-06-05,science,table,18,199.9
1009,2023-08-06,life,meet,12,104.21
1056,2022-12-19,available,water,19,30.41
1067,2023-04-23,dog,address,3,58.42
1015,2022-12-25,significant,sister,20,157.31
1053,2023-11-10,suffer,part,8,164.85
1042,2023-09-02,can,at,2,168.09
1098,2023-01-16,speak,body,9,107.62
1075,2023-05-01,firm,even,18,31.01
1013,2023-06-10,test,year,12,98.32
1080,2023-03-07,visit,long,17,124.34
1040,2023-07-26,risk,growth,9,165.3
1083,2023-08-27,article,term,3,63.94
1072,2023-07-31,in,break,18,87.88
1050,2023-07-31,gun,thus,15,114.24
1015,2022-12-19,left,maybe,9,13.77
1097,2022-12-29,entire,catch,5,155.54
1050,2023-05-02,already,especially,12,173.74
1095,2023-10-23,beautiful,culture,14,196.35
1093,2023-06-23,response,clear,17,142.4
1045,2023-02-21,trade,could,1,191.97
1005,2023-03-08,nearly,free,13,193.95
1062,2023-01-31,laugh,nation,11,37.93
1065,2023-01-28,everyone,particularly,11,89.15
1043,2023-05-16,our,television,7,184.98
1031,2023-04-28,evening,live,9,39.86
1014,2023-03-04,relationship,young,6,26.73
1013,2023-10-20,building,involve,18,63.21
1053,2023-07-26,total,people,3,147.55
1003,2023-07-28,others,season,4,41.47
1089,2023-03-13,price,what,1,114.46
1071,2022-12-29,town,return,11,188.64
1039,2023-01-06,seven,cultural,1,175.52
1085,2023-07-06,collection,land,1,20.78
1076,2023-11-28,send,real,14,80.6
1096,2023-03-20,three,fact,3,129.1
1017,2023-09-15,significant,one,12,115.56
1056,2023-02-05,individual,I,9,133.97
1052,2023-08-12,whom,their,6,139.9
1078,2023-01-01,any,public,18,112.88
1049,2023-10-12,chance,movement,14,41.93
1020,2023-08-08,enjoy,such,6,126.78
1037,2023-07-27,new,until,20,191.86
1079,2023-06-23,growth,current,14,57.63
1048,2022-12-17,notice,wide,7,18.39
1056,2023-01-17,he,industry,13,182.73
1027,2023-04-05,son,policy,20,47.89
1036,2023-11-15,many,down,5,154.19
1020,2023-02-16,mention,month,4,55.17
1017,2023-02-20,television,spring,15,188.84
1044,2023-03-08,lay,save,5,134.73
1090,2022-12-23,be,often,1,175.95
1085,2023-06-21,work,put,15,70.06
1077,2023-02-24,in,ask,19,122.09
1039,2023-10-11,make,get,1,39.24
1047,2022-12-24,record,boy,20,45.45
1051,2023-04-26,animal,ready,1,42.12
1084,2023-06-27,before,final,15,125.89
1096,2023-03-11,body,present,18,108.0
1027,2023-08-17,team,against,1,173.35
1042,2023-11-25,economic,test,10,130.16
1029,2023-04-15,management,however,7,66.73
1055,2023-10-01,leader,as,14,28.6
1019,2023-11-19,trip,address,3,32.01
1074,2023-11-04,almost,green,15,32.24
1049,2023-05-19,person,claim,6,16.33
1092,2023-11-20,husband,party,2,195.33
1006,2023-04-15,law,some,11,64.6
1022,2023-02-26,pattern,pay,3,116.44
1061,2023-03-07,station,produce,13,176.99
1091,2023-07-21,director,hit,2,78.04
1096,2023-11-21,particularly,challenge,13,34.88
1022,2023-06-10,series,add,11,79.13
1011,2023-03-31,trouble,sometimes,6,111.49
1074,2023-08-13,clearly,ok,19,142.29
1064,2023-10-23,night,final,12,144.23
1033,2023-06-26,show,let,14,35.41
1040,2023-08-23,police,TV,13,149.31
1077,2023-09-12,town,wide,12,67.85
1082,2023-10-25,model,exactly,18,142.53
1075,2023-08-10,cultural,time,3,84.48
1086,2023-03-20,machine,situation,10,136.21
1031,2023-08-17,role,conference,3,139.96
1050,2023-03-11,upon,reason,10,115.63
1046,2022-12-09,lay,source,13,79.73
1072,2023-10-03,lose,out,10,65.97
1043,2023-02-11,space,either,11,146.77
1039,2023-02-08,imagine,response,12,161.4
1040,2023-03-16,goal,rather,10,37.15
1032,2023-02-17,Mr,PM,5,181.05
1035,2023-08-02,because,relationship,14,88.57
1004,2023-06-08,I,above,1,188.41
1054,2023-06-13,PM,resource,9,135.04
1030,2023-08-25,agent,evening,7,134.99
1015,2023-07-09,animal,control,8,81.54
1026,2023-03-15,near,tend,6,46.69
1026,2023-11-23,material,win,2,25.97
1033,2023-09-06,religious,time,3,195.05
1025,2023-04-17,easy,property,14,50.39
1027,2023-07-14,idea,the,6,73.85
1005,2023-03-11,production,south,5,120.7
1098,2023-01-15,close,describe,10,16.23
1083,2023-01-03,thank,American,12,91.2
1054,2023-07-29,ready,education,1,188.9
1024,2023-09-08,resource,likely,2,106.59
1069,2023-11-19,my,central,17,97.73
1030,2023-03-04,its,no,14,168.2
1008,2023-08-05,dark,race,3,119.3
1016,2023-04-16,special,fight,18,23.82
1098,2023-09-04,available,standard,8,49.59
1092,2022-12-09,agency,eat,9,158.67
1066,2023-09-12,a,west,12,168.21
1030,2023-05-04,study,agent,18,199.49
1029,2023-11-02,mouth,sit,19,46.62
1021,2023-06-02,public,task,15,111.96
1024,2023-01-24,apply,account,2,57.96
1033,2022-12-26,west,manage,2,132.49
1070,2023-06-29,sit,end,10,65.74
1006,2023-05-04,education,still,7,122.92
1051,2023-08-25,view,six,19,17.52
1039,2023-06-30,single,you,17,54.45
1019,2023-03-19,individual,century,8,48.99
1039,2023-01-04,appear,at,3,70.89
1088,2023-01-19,issue,receive,18,60.69
1052,2023-05-14,shoulder,ago,3,79.94
1056,2023-01-17,its,whatever,1,184.23
1085,2023-02-23,after,maintain,9,66.07
1087,2022-12-26,season,despite,14,133.47
1088,2023-10-16,heavy,factor,14,104.51
1046,2023-02-05,everything,book,8,193.56
1057,2023-05-04,family,agent,9,49.67
1010,2023-06-26,building,guess,10,59.56
1095,2023-05-06,rock,remain,15,138.51
1009,2023-01-02,least,seat,17,178.73
1002,2023-08-08,size,close,2,28.54
1076,2023-10-23,successful,western,15,169.25
1053,2023-09-19,role,offer,6,141.06
1066,2023-09-29,decade,business,7,36.07
1054,2023-11-06,world,think,15,185.63
1026,2023-11-27,wonder,above,10,175.28
1052,2023-02-20,here,measure,7,73.69
1001,2023-06-05,yet,base,5,61.74
1078,2023-06-14,oil,vote,17,179.2
1059,2022-12-17,suggest,around,1,180.62
1020,2023-04-22,price,sit,19,79.9
1016,2022-12-05,degree,catch,6,191.61
1038,2023-10-03,high,past,11,85.81
1057,2023-05-17,media,stay,6,50.69
1007,2023-11-08,subject,money,10,186.18
1013,2023-03-28,coach,say,2,36.55
1056,2023-08-15,interview,detail,18,124.46
1061,2023-01-09,only,test,1,164.73
1038,2023-09-30,hair,fly,12,180.3
1018,2023-02-18,television,class,18,119.21
1009,2023-08-11,suggest,good,11,158.51
1050,2023-01-21,parent,black,7,167.76
1067,2023-10-12,state,final,6,111.48
1045,2023-11-17,camera,identify,8,17.54
1010,2023-10-14,their,beat,13,89.21
1005,2023-07-22,red,performance,10,56.69
1031,2023-02-02,why,series,3,37.11
1043,2023-10-09,quite,concern,4,199.61
1007,2023-01-09,another,believe,5,154.32
1090,2023-11-22,perform,notice,7,42.43
1009,2023-02-10,special,guy,5,109.67
1010,2023-04-04,wonder,tonight,2,197.49
1015,2023-04-11,yourself,offer,4,141.77
1028,2023-06-09,high,successful,10,190.35
1068,2023-09-08,suffer,lose,11,185.65
1060,2023-06-19,stop,plant,8,150.13
1073,2023-07-12,air,east,10,28.52
1082,2023-05-23,reason,floor,15,162.94
1067,2023-08-22,send,ahead,20,55.26
1007,2023-05-20,human,again,11,54.1
1053,2023-01-02,appear,travel,20,182.11
1005,2022-12-19,perhaps,trade,6,167.12
1023,2023-06-08,sound,home,18,51.4
1021,2023-07-30,wind,sea,2,41.29
1072,2023-09-18,bag,choice,6,195.38
1034,2023-07-19,left,country,20,109.09
1087,2023-09-12,heart,run,13,11.64
1021,2023-10-21,drive,chair,9,191.59
1082,2023-06-13,lay,board,19,186.62
1010,2023-10-10,once,either,10,151.92
1021,2022-12-09,common,result,9,28.75
1070,2023-11-06,prove,yard,14,160.21
1027,2022-12-17,poor,by,13,97.28
1025,2023-08-15,detail,win,18,42.43
1047,2023-07-01,fly,pay,4,181.04
1021,2023-03-05,or,citizen,2,182.85
1070,2023-02-02,short,traditional,2,19.12
1091,2023-04-26,not,win,1,93.46
1081,2023-11-02,animal,bed,20,182.63
1029,2022-12-16,top,half,8,71.18
1004,2023-03-02,charge,despite,8,74.58
1072,2023-01-27,do,likely,16,158.69
1037,2023-10-02,common,set,9,98.74
1009,2022-12-26,image,turn,11,79.65
1034,2022-12-11,quickly,town,16,141.78
1007,2023-09-16,power,style,8,39.15
1007,2023-01-26,participant,between,18,20.57
1006,2023-09-08,truth,carry,7,180.42
1067,2022-12-19,first,vote,5,186.9
1021,2023-11-06,campaign,great,13,163.1
1007,2023-04-22,page,parent,3,183.89
1045,2023-11-21,cultural,order,7,41.27
1034,2023-03-29,beat,experience,10,116.05
1057,2023-09-01,quite,last,18,103.39
1014,2023-03-29,for,color,1,39.09
1032,2023-11-15,message,once,14,73.06
1063,2023-06-28,least,than,20,178.2
1057,2023-05-14,light,candidate,6,87.89
1016,2022-12-04,friend,job,9,62.62
1067,2023-10-24,per,occur,9,143.43
1093,2023-09-30,my,might,6,15.06
1034,2023-10-01,billion,anyone,5,184.21
1067,2023-05-21,truth,thing,14,145.95
1070,2023-09-18,research,option,14,49.21
1034,2022-12-26,reveal,what,8,67.22
1071,2023-01-13,half,century,11,106.02
1085,2023-09-19,concern,less,1,88.23
1070,2022-11-29,sea,some,7,198.62
1036,2023-06-11,usually,full,9,44.15
1034,2023-03-12,major,window,11,127.37
1100,2023-06-06,claim,help,6,95.99
1007,2023-01-01,great,want,10,161.57
1091,2023-08-03,leave,also,13,33.98
1022,2023-02-16,wish,yet,12,18.08
1099,2023-10-13,method,partner,10,61.27
1013,2023-09-30,radio,source,6,191.56
1001,2022-12-11,message,might,12,172.84
1043,2023-07-16,condition,woman,2,173.61
1087,2023-08-08,purpose,case,5,19.45
1097,2023-10-05,shake,go,7,199.53
1007,2023-05-18,want,some,13,69.54
1082,2023-02-26,small,student,20,77.18
1048,2023-06-02,team,deal,19,11.11
1057,2023-08-16,face,machine,2,166.54
1004,2022-12-30,wide,section,3,153.38
1034,2023-05-13,left,agent,7,189.84
1062,2023-06-06,blood,measure,20,186.1
1041,2023-04-30,off,include,1,173.92
1078,2023-09-17,leave,reduce,17,15.64
1095,2023-03-08,city,individual,10,158.58
1088,2022-12-04,culture,want,16,51.27
1061,2023-10-12,degree,him,15,185.42
1085,2023-10-01,learn,fund,4,151.28
1064,2022-12-15,find,control,17,72.25
1021,2023-01-09,citizen,enter,20,87.31
1088,2023-08-09,politics,special,5,70.74
1045,2023-04-10,nation,leader,8,177.4
1036,2023-08-15,floor,too,18,116.29
1017,2023-09-25,wonder,weight,10,148.72
1084,2023-03-23,any,quality,4,59.59
1032,2023-04-09,product,affect,14,148.56
1024,2023-06-05,challenge,along,19,170.47
1041,2023-06-09,true,bring,18,96.01
1047,2022-12-18,expert,third,1,106.35
1090,2022-12-31,give,bag,10,49.45
1076,2023-04-02,significant,deep,10,194.86
1079,2022-11-29,work,trip,12,146.22
1093,2023-01-15,next,policy,5,109.75
1082,2023-01-15,over,beautiful,12,144.96
1090,2023-03-02,choice,growth,5,76.95
1086,2023-09-20,will,buy,5,24.63
1096,2022-12-31,they,require,3,126.5
1051,2023-09-08,early,discover,1,65.17
1077,2023-02-25,account,create,2,40.98
1049,2023-10-08,mother,require,3,199.11
1025,2023-06-17,growth,party,6,76.0
1002,2022-12-07,strong,who,12,149.12
1016,2023-02-25,item,return,1,113.76
1092,2023-07-15,question,visit,10,11.0
1075,2023-11-20,buy,structure,8,123.23
1057,2022-12-26,six,fine,12,150.51
1071,2023-08-03,thus,end,3,61.03
1008,2022-12-12,character,history,1,156.66
1037,2023-08-09,such,can,9,173.27
1034,2023-01-31,thus,pass,3,105.22
1012,2023-06-19,series,claim,16,40.14
1032,2022-12-25,turn,eat,3,72.0
1047,2023-01-16,so,note,15,145.15
1077,2022-12-17,well,culture,14,140.76
1002,2023-07-31,let,whatever,11,120.42
1070,2023-03-05,white,care,8,86.78
1051,2023-11-15,contain,development,18,96.86
1015,2023-04-02,chair,which,5,177.86
1011,2023-08-19,scientist,out,9,196.5
1044,2023-09-23,coach,forward,10,140.24
1028,2022-12-07,three,task,7,36.38
1049,2022-12-28,main,operation,6,165.77
1040,2023-05-30,goal,however,3,199.43
1027,2023-10-08,physical,society,4,38.79
1018,2023-02-10,unit,expect,1,116.43
1071,2023-11-03,term,main,14,156.74
1010,2023-03-04,student,skill,18,168.11
1080,2023-01-08,conference,relate,5,157.38
1005,2023-09-24,though,big,3,190.14
1056,2023-03-10,law,old,18,57.05
1090,2023-08-19,effect,surface,4,66.32
1077,2022-12-27,summer,instead,19,151.35
1085,2023-10-06,from,daughter,1,162.34
1051,2023-01-04,candidate,subject,1,41.87
1008,2023-03-25,sure,leg,10,114.42
1080,2023-07-02,interview,without,17,122.27
1015,2022-12-21,its,describe,6,191.38
1084,2023-02-13,first,because,3,113.48
1001,2023-03-01,away,blood,7,75.39
1070,2023-03-22,nor,energy,4,68.63
1096,2023-03-20,day,something,8,199.18
1071,2023-01-29,coach,watch,1,26.26
1011,2023-10-27,difficult,its,14,14.63
1015,2023-05-30,save,particularly,5,115.09
1077,2023-09-02,could,beautiful,16,185.64
1020,2023-06-29,situation,answer,18,190.61
1099,2023-11-29,expert,laugh,3,112.39
1054,2023-02-25,magazine,head,16,154.32
1072,2023-09-03,discussion,course,19,131.37
1001,2023-06-17,recognize,measure,1,49.11
1095,2023-11-15,rule,window,19,18.84
1044,2023-01-02,go,protect,13,166.4
1081,2023-07-05,century,fill,6,38.54
1001,2023-06-25,light,evidence,19,121.66
1014,2023-04-18,ago,not,12,145.55
1045,2023-03-19,most,indicate,15,146.9
1076,2023-07-18,avoid,sure,20,117.55
1043,2023-04-28,serve,reduce,7,134.24
1029,2023-05-01,table,town,16,164.61
1017,2023-04-17,argue,probably,15,143.71
1046,2022-12-29,compare,others,2,129.44
1079,2023-07-09,read,suffer,8,117.51
1078,2023-02-19,as,not,9,181.13
1001,2023-06-30,last,air,5,18.89
1079,2023-04-01,language,attack,8,19.09
1058,2023-07-18,business,keep,5,111.32
1022,2023-05-01,trade,environmental,14,69.45
1066,2023-02-21,Democrat,whether,2,21.22
1043,2023-05-17,long,within,12,148.92
1087,2023-04-13,travel,hand,7,128.81
1058,2023-03-16,foreign,eye,20,129.85
1053,2023-06-04,meeting,employee,6,197.45
1060,2023-01-28,among,start,19,23.63
1070,2023-08-11,mouth,what,13,104.89
1079,2023-02-03,week,smile,18,66.74
1042,2023-07-06,nearly,toward,5,59.51
1026,2023-11-16,black,surface,8,183.17
1077,2023-09-05,future,different,2,89.45
1099,2023-09-10,step,foot,8,57.41
1069,2023-10-13,share,what,12,22.88
1029,2023-10-16,require,account,14,36.67
1088,2023-07-11,maybe,role,18,87.92
1012,2023-03-05,standard,bill,5,111.71
1082,2022-12-01,now,spring,4,39.28
1086,2023-03-27,movement,sell,13,10.45
1032,2023-04-13,instead,account,12,177.86
1069,2023-05-07,note,leg,2,86.28
1050,2023-08-04,situation,reason,18,38.04
1019,2023-09-29,voice,live,7,123.02
1046,2023-03-28,seven,every,19,91.94
1080,2023-08-08,movement,hard,4,49.75
1041,2023-02-14,find,program,20,117.02
1098,2023-10-20,parent,at,11,24.51
1085,2023-10-17,forget,moment,17,24.7
1076,2022-12-03,way,meeting,16,26.03
1087,2022-12-12,remember,meet,8,11.1
1069,2023-09-12,Congress,whom,13,168.24
1074,2023-11-18,painting,body,10,137.37
1054,2023-03-31,third,where,11,18.85
1060,2023-07-20,into,charge,11,118.45
1070,2023-10-03,sell,behavior,16,117.19
1045,2023-04-03,stop,trial,12,183.51
1055,2023-06-14,particular,stand,15,64.29
1039,2023-09-18,their,ask,4,40.25
1003,2023-09-02,after,develop,13,105.49
1041,2023-10-26,might,party,14,102.03
1088,2023-06-07,affect,hotel,6,20.18
1031,2023-07-13,throughout,just,16,163.07
1079,2023-01-02,wonder,item,18,98.07
1052,2023-11-16,north,my,9,104.65
1063,2023-08-04,cut,example,20,189.89
1053,2023-04-12,evidence,now,2,122.55
1005,2023-11-04,under,black,5,111.35
1026,2023-07-24,bank,open,19,76.86
1005,2023-07-31,four,price,11,103.89
1044,2023-03-05,material,bed,12,184.39
1066,2023-10-27,cup,ground,10,151.72
1094,2023-03-20,theory,four,17,134.95
1018,2023-07-22,experience,finally,7,13.89
1027,2023-07-14,service,beautiful,19,165.33
1031,2022-12-16,here,continue,20,155.94
1075,2023-11-13,we,particularly,3,90.91
1077,2023-04-28,former,about,9,124.87
1005,2023-01-07,run,development,9,66.3
1041,2023-03-21,small,none,1,186.58
1001,2023-04-24,financial,our,13,31.06
1007,2023-02-22,Republican,my,5,181.63
1093,2023-11-21,pattern,finish,15,144.69
1097,2023-05-13,vote,ever,7,47.74
1071,2023-02-02,great,important,5,193.26
1044,2023-04-26,responsibility,point,8,109.82
1023,2023-04-02,paper,so,8,66.17
1026,2023-02-24,community,man,6,176.07
1033,2023-03-23,student,foreign,4,86.27
1074,2022-12-05,letter,Congress,18,177.13
1061,2023-08-22,model,team,12,193.46
1048,2023-10-10,amount,nice,18,91.78
1056,2023-09-13,season,run,7,198.69
1069,2023-11-02,true,trouble,19,14.13
1098,2023-07-30,option,prevent,13,124.2
1046,2023-01-24,entire,far,13,123.18
1046,2023-10-07,sit,treat,11,14.62
1013,2023-08-27,middle,property,17,116.88
1032,2023-08-13,upon,stay,12,20.79
1041,2023-08-16,stage,truth,2,16.71
1088,2023-08-01,building,compare,9,51.3
1066,2023-02-09,son,price,16,90.41
1099,2023-05-02,entire,woman,15,13.46
1051,2023-01-24,but,maybe,13,55.35
1035,2023-02-03,use,artist,5,42.92
1022,2023-03-19,open,beautiful,6,104.95
1074,2023-01-08,blood,number,4,128.89
1036,2023-08-30,rather,minute,4,159.16
1076,2022-12-13,behavior,million,9,130.93
1042,2023-07-05,feel,pass,13,99.52
1067,2023-05-20,action,control,6,10.83
1096,2023-03-21,senior,laugh,2,16.85
1046,2023-05-26,concern,role,2,128.92
1043,2023-04-23,particularly,trouble,16,188.54
1046,2023-01-27,myself,notice,7,60.53
1012,2022-12-04,technology,where,18,119.73
1083,2023-08-23,while,management,3,104.94
1056,2022-12-21,practice,Democrat,7,176.48
1066,2023-02-14,magazine,material,12,56.39
1066,2023-11-19,road,big,20,172.24
1087,2023-09-08,special,under,17,82.63
1092,2023-02-26,raise,study,12,178.18
1080,2023-05-24,mention,investment,5,103.09
1021,2023-06-27,rather,certain,16,60.58
1045,2023-02-10,your,suggest,9,124.12
1011,2023-06-14,military,far,19,90.03
1082,2023-07-20,defense,would,12,131.97
1044,2023-11-17,for,together,17,118.0
1017,2023-09-24,computer,book,20,49.34
1071,2023-06-13,order,outside,15,192.04
1053,2023-11-14,church,ability,13,10.66
1013,2023-07-01,heart,fall,1,42.05
1052,2023-03-14,budget,put,11,96.72
1096,2023-02-08,international,in,19,15.69
1092,2023-03-09,fact,play,11,90.23
1081,2023-05-20,like,season,13,66.51
1072,2023-07-13,civil,rule,9,165.55
1072,2023-02-12,least,country,7,165.89
1075,2023-01-18,a,tough,14,43.39
1098,2023-09-05,man,always,4,15.17
1067,2023-09-16,letter,after,13,52.62
1059,2023-08-19,hand,front,19,166.59
1040,2023-01-14,others,almost,19,115.49
1045,2023-08-30,our,however,6,104.23
1016,2023-01-14,would,last,9,159.13
1100,2023-04-22,past,baby,10,165.79
1059,2023-06-27,political,performance,9,103.4
1061,2023-08-12,story,couple,19,73.69
1081,2023-08-06,late,everything,3,11.49
1018,2023-03-30,child,truth,14,60.86
1080,2023-05-23,college,director,9,177.05
1013,2023-09-12,system,voice,3,87.13
1098,2023-01-02,green,follow,5,157.93
1092,2023-04-09,someone,single,11,15.53
1077,2023-01-02,rich,point,19,172.16
1086,2023-03-31,model,reveal,4,190.19
1069,2022-11-29,idea,bag,12,137.81
1032,2023-01-05,degree,action,14,88.14
1058,2023-04-26,quickly,teacher,11,71.32
1096,2023-05-27,them,local,9,87.72
1071,2023-07-13,value,responsibility,16,165.23
1070,2023-04-16,student,continue,10,45.0
1070,2023-11-27,from,main,19,47.24
1066,2023-02-18,bag,community,12,119.04
1078,2023-02-08,top,or,6,106.33
1079,2023-02-14,which,reason,4,154.42
1090,2023-07-29,these,three,11,85.23
1072,2023-08-03,traditional,establish,5,101.68
1014,2023-02-27,all,cell,3,180.69
1026,2023-09-11,rich,investment,10,99.5
1045,2022-12-14,suffer,admit,20,171.72
1026,2023-07-31,amount,American,4,107.92
1030,2023-05-16,wait,allow,18,194.85
1095,2023-06-25,give,ask,10,182.29
1088,2023-02-11,almost,threat,15,173.21
1036,2023-11-22,ago,green,8,16.2
1087,2023-03-15,religious,customer,3,107.13
1038,2023-06-20,I,child,3,164.55
1035,2023-11-01,indicate,manager,19,23.85
1034,2023-10-23,surface,cell,11,14.87
1085,2023-06-18,just,make,16,54.14
1085,2023-11-15,difficult,such,6,138.74
1007,2023-10-19,training,west,16,133.41
1094,2023-02-08,true,believe,4,157.05
1064,2023-08-13,easy,step,7,81.68
1024,2022-12-09,cup,money,3,127.31
1086,2023-04-28,economic,finish,13,180.95
1006,2023-06-03,impact,system,10,96.44
1070,2023-03-08,recently,term,11,185.0
1063,2023-10-18,quickly,six,7,191.97
1029,2023-11-11,memory,despite,17,148.97
1011,2023-11-10,among,catch,13,194.46
1012,2023-07-24,face,guy,7,172.91
1098,2022-12-24,sort,son,17,170.89
1016,2023-07-25,outside,person,18,103.27
1012,2023-09-11,glass,Congress,11,161.52
1086,2023-02-28,firm,relationship,1,101.51
1013,2023-10-18,study,represent,15,186.91
1019,2023-01-18,material,be,10,50.37
1037,2023-04-28,sort,rather,4,152.44
1026,2023-10-25,score,air,19,19.67
1033,2023-10-03,address,magazine,18,140.61
1030,2022-12-26,feeling,team,10,46.46
1048,2023-08-12,finally,southern,14,129.1
1040,2023-08-06,base,down,4,110.12
1031,2023-04-09,accept,suggest,12,124.07
1058,2023-05-27,ready,news,10,55.64
1010,2023-05-07,as,middle,5,182.67
1054,2023-02-22,know,challenge,11,144.58
1013,2023-06-03,occur,high,17,51.46
1061,2023-08-14,film,kind,8,21.41
1058,2023-01-21,plant,beat,7,127.54
1018,2023-04-24,some,it,17,48.23
1052,2023-06-07,hard,form,5,198.04
1067,2023-02-06,tree,quickly,19,133.59
1060,2023-04-02,project,land,17,100.91
1078,2023-07-26,defense,bank,15,72.33
1084,2023-03-31,figure,beat,13,130.04
1031,2022-12-12,woman,trade,1,153.16
1098,2023-04-15,everyone,from,16,134.28
1093,2023-01-20,sister,agree,15,179.27
1070,2023-04-30,thank,man,9,58.35
1030,2023-05-25,question,several,9,13.88
1090,2023-04-27,final,responsibility,10,58.49
1060,2022-12-23,popular,officer,16,68.49
1091,2023-07-31,officer,talk,18,189.8
1065,2023-02-11,pattern,cold,2,144.6
1057,2023-11-05,listen,responsibility,7,33.97
1050,2023-01-17,attack,former,11,167.54
1073,2023-09-13,pull,sign,3,71.66
1021,2023-02-23,table,old,2,26.32
1026,2023-10-31,include,activity,16,44.13
1015,2023-04-02,road,religious,8,95.34
1053,2023-11-22,mother,them,19,163.54
1035,2023-02-04,us,Mr,1,189.63
1081,2023-06-02,company,get,11,89.49
1084,2023-04-18,world,race,15,64.45
1038,2023-06-18,although,arm,7,166.2
1003,2023-09-01,century,accept,10,171.32
1051,2023-07-24,one,something,9,35.68
1023,2023-04-09,culture,beautiful,6,93.49
1006,2023-04-28,six,develop,20,143.31
1073,2023-06-01,face,produce,12,118.53
1023,2023-07-05,more,positive,8,45.2
1009,2023-06-18,compare,as,15,112.74
1020,2023-03-12,officer,tax,4,13.87
1055,2023-03-09,quickly,whole,11,42.8
1039,2023-11-05,simple,project,1,163.5
1067,2023-06-09,section,arm,3,51.32
1094,2023-11-21,whatever,member,13,26.6
1092,2022-12-15,recent,certainly,10,50.14
1066,2023-05-31,key,there,7,57.11
1082,2023-02-15,reach,property,2,173.14
1040,2023-01-27,option,laugh,13,77.1
1086,2023-06-06,relationship,read,17,106.8
1066,2023-02-14,most,opportunity,18,97.76
1029,2023-01-03,data,see,20,102.91
1031,2023-11-17,part,standard,5,80.18
1054,2023-06-15,action,play,4,96.92
1043,2023-03-27,southern,build,16,178.12
1061,2023-07-26,probably,strategy,11,140.6
1026,2023-11-19,too,dinner,12,51.13
1024,2023-08-15,prevent,street,1,60.18
1072,2023-10-14,city,special,3,27.07
1061,2023-09-24,kind,mission,17,176.36
1093,2023-03-31,read,explain,5,42.61
1058,2022-12-10,city,reduce,18,177.09
1083,2023-06-03,performance,avoid,3,117.6
1097,2023-03-27,clear,land,13,126.91
1035,2023-10-21,field,those,18,95.36
1058,2023-03-28,age,foreign,12,114.96
1031,2023-07-09,write,responsibility,16,177.02
1096,2023-07-21,suddenly,long,7,13.74
1094,2023-02-02,off,region,4,24.45
1051,2023-09-10,majority,PM,8,178.21
1055,2023-03-17,meeting,industry,8,131.73
1077,2023-01-02,support,officer,13,121.27
1080,2023-02-02,our,since,18,72.99
1061,2023-09-19,hit,appear,6,59.69
1023,2023-06-17,line,article,11,176.31
1013,2023-06-09,series,item,16,27.44
1099,2023-04-05,reach,enter,1,112.64
1057,2023-06-23,bank,form,14,15.63
1052,2023-04-02,hot,last,1,103.59
1032,2023-09-07,word,discover,6,181.73
1014,2023-08-20,tax,information,5,143.78
1045,2023-11-28,kind,force,11,66.3
1084,2023-06-25,fire,camera,11,17.05
1096,2023-07-28,unit,beat,3,111.26
1026,2023-11-24,husband,future,16,149.26
1005,2023-07-16,picture,floor,16,12.22
1038,2023-11-29,they,become,18,161.48
1085,2023-02-21,character,certain,15,190.14
1060,2023-01-08,add,American,1,116.94
1075,2023-01-31,trade,race,17,24.65
1080,2023-06-25,note,the,3,92.79
1083,2022-12-01,small,single,10,157.37
1029,2023-10-07,Democrat,take,18,93.48
1077,2023-09-17,more,yourself,3,23.01
1012,2023-09-11,live,amount,8,153.29
1096,2023-08-11,blue,avoid,2,76.86
1029,2023-11-06,very,sometimes,2,94.38
1050,2023-02-14,really,plan,16,87.87
1087,2023-10-21,whose,stock,15,74.15
1014,2022-12-13,maybe,fight,11,83.02
1014,2023-06-29,ok,movement,5,133.03
1089,2022-12-19,evidence,contain,18,47.3
1026,2023-02-03,minute,yourself,3,68.35
1096,2023-08-02,beat,partner,11,36.14
1032,2023-10-13,prepare,somebody,16,72.11
1067,2023-08-16,style,forward,18,142.33
1081,2023-03-16,heart,day,10,146.26
1046,2022-12-28,establish,treat,4,90.53
1014,2023-04-22,Republican,lawyer,8,161.32
1055,2023-09-07,unit,school,5,64.51
1020,2023-07-04,position,government,16,153.84
1065,2023-06-22,phone,huge,12,173.86
1029,2023-01-17,camera,forward,4,86.85
1080,2023-03-05,skill,field,20,83.43
1053,2023-09-27,operation,southern,3,26.67
1046,2022-12-08,spend,somebody,2,38.23
1016,2023-03-24,well,about,3,127.66
1052,2023-10-14,watch,risk,6,56.62
1097,2023-04-24,commercial,appear,13,100.13
1070,2023-02-16,law,keep,11,43.99
1062,2023-10-17,institution,today,16,58.01
1045,2022-12-04,Mrs,move,18,84.12
1076,2023-01-28,teach,brother,15,134.1
1068,2023-01-24,my,medical,17,155.88
1098,2023-01-31,without,when,3,87.98
1034,2023-10-27,TV,create,1,63.46
1029,2023-01-20,now,successful,18,164.7
1008,2023-08-19,generation,room,19,74.99
1077,2023-11-13,stay,it,5,170.31
1079,2023-06-10,develop,imagine,2,14.76
1095,2023-05-09,lawyer,ability,11,190.75
1063,2023-01-28,low,not,5,50.35
1039,2023-01-12,include,house,5,130.9
1065,2023-05-01,to,question,16,170.9
1082,2023-04-04,mouth,school,16,44.18
1096,2023-11-06,voice,security,17,47.83
1053,2022-12-29,act,effect,3,10.42
1010,2023-11-07,strong,buy,8,39.2
1080,2023-10-24,new,though,4,10.17
1019,2023-05-28,manager,sound,15,14.51
1008,2023-11-18,year,pick,6,38.15
1013,2023-04-21,peace,choice,4,66.55
1005,2023-08-26,hospital,teach,13,106.36
1083,2023-01-11,adult,size,13,37.5
1096,2023-11-24,one,item,9,66.4
1043,2023-03-18,number,spring,15,169.29
1009,2023-05-14,fine,candidate,15,110.51
1015,2022-12-24,believe,break,11,180.8
1024,2023-02-10,listen,paper,19,76.61
1069,2023-11-09,actually,minute,17,178.94
1028,2023-03-21,daughter,reason,11,110.08
1071,2023-01-18,I,production,9,96.61
1023,2023-09-01,player,character,12,124.4
1003,2023-07-08,property,author,5,185.74
1012,2023-04-02,sign,available,15,169.77
1020,2023-08-19,bed,evidence,17,139.65
1060,2022-12-10,group,win,18,41.18
1062,2023-09-17,level,live,6,138.09
1075,2023-03-03,send,opportunity,7,38.58
1036,2023-05-31,however,draw,6,169.61
1010,2023-08-18,special,capital,20,29.14
1080,2023-10-15,central,nearly,5,51.24
1067,2022-12-04,general,push,9,171.57
1005,2022-12-19,seem,movement,8,59.15
1058,2023-06-13,night,recently,6,176.56
1065,2023-02-12,herself,compare,14,60.26
1026,2023-10-12,evidence,know,17,171.15
1045,2023-03-03,decade,they,8,107.38
1066,2023-07-29,accept,wonder,8,56.19
1070,2022-12-18,cover,yet,8,142.5
1085,2023-06-22,course,push,3,74.32
1091,2023-07-24,computer,office,15,86.27
1066,2023-05-29,staff,soon,13,64.19
1007,2023-11-04,light,art,16,129.22
1083,2023-06-03,or,magazine,17,25.79
1060,2023-11-22,physical,no,13,117.72
1025,2023-10-10,realize,act,19,161.97
1073,2022-12-15,film,three,4,145.66
1085,2023-09-15,though,management,18,87.9
1008,2023-09-03,gun,phone,3,186.55
1050,2023-10-17,beautiful,could,17,124.17
1087,2023-10-26,public,life,15,120.24
1001,2023-06-24,quite,politics,5,119.04
1018,2023-06-03,race,you,12,43.4
1050,2023-07-12,entire,Mr,3,119.04
1054,2023-07-11,drop,well,13,66.58
1079,2023-11-18,yourself,yeah,8,73.26
1095,2023-03-16,on,market,12,177.51
1058,2023-03-16,best,few,11,82.0
1071,2023-06-04,represent,anything,7,115.98
1031,2023-10-23,go,energy,1,179.83
1053,2023-02-09,such,society,7,197.89
1066,2023-02-17,front,economic,12,181.44
1086,2023-03-10,job,decade,14,92.12
1058,2022-12-02,leave,goal,9,11.15
1092,2023-02-03,eye,here,14,124.8
1007,2023-01-04,yes,over,7,12.2
1082,2023-08-13,toward,determine,9,97.94
1047,2023-11-13,worry,send,5,159.47
